"","region","5HT1a","5HT1b","5HT2a","5HT4","5HT6","5HTT","A4B2","CB1","D1","D2","DAT","GABAa.bz","H3","M1","mGluR5","MOR","NET","NMDA","VAChT"
"1",1,-0.491654449811342,-0.62024967455918,-0.531927835794401,-0.636325720755914,0.718316685478239,-0.217890947362296,0.297599483375385,0.469880485147084,-0.165297404941292,0.0318061826291879,0.0431486093323601,-0.734760548959072,0.211181660734115,0.335994541154596,0.168205389694416,-0.123852871745214,0.092242383238388,0.75393900185772,0.0437148268566371
"2",3,-0.0566773872713863,-0.084326879575746,-0.079327506642498,0.0529278127575785,0.108681647956607,0.012003717580336,0.102594242470805,0.036386840472315,-0.124075929548429,-0.04278736469751,-0.10552524550151,0.130202436171224,0.015587583429559,0.102540735815533,-0.161864735681579,-0.061601309838859,-0.028357483734323,-0.129250848278177,-0.010218204699133
"3",5,-0.07758867972375,0.488059527425993,0.544434213036152,0.433459065491817,-0.710773777935372,0.125792323904263,-0.745193690967964,-0.365994782062618,-0.181564486779732,-0.0927109634883391,-0.24562943157647,-0.176413426977586,-0.342744664207752,-0.585106098367738,-0.345032625341305,0.013694863925845,0.544044824588896,-0.898196924366205,-0.142084621223251
"4",9,-0.00410936443698906,0.0403631549391901,-0.094690380808557,0.0536246264761126,-0.143650680826678,0.02908721765851,-0.232365578077397,-0.23727361320559,-0.077342768644421,-0.022863599954933,-0.046192544539598,0.024146179951178,-0.353974758668052,-0.285564283543652,-0.158115091281416,-0.0240596478557721,0.0787259307442916,0.038399824521845,-0.019245302855154
"5",11,-0.00425923307918796,0.248699987383689,0.147916583966294,0.172227006020592,0.220901387218652,0.073326933131138,-0.043791506055077,0.0186222638254601,-0.0898802876382762,0.030014949509175,0.00185367970980199,0.555292607101701,-0.215305784398941,-0.201766750909499,-0.033364071751792,-0.02172097985636,0.226857581679013,-0.011748281836734,-0.01730962236768
"6",13,-0.0963239257184793,-0.0685925893917839,-0.063907379710015,-0.08255581921074,0.525514909992697,-0.0148493122265669,0.133887431352354,0.0667069804026971,-0.154802580055964,0.042533533024424,0.228538210559968,-0.24320420546847,-0.152539419447726,-0.0862276435465654,0.016931143337465,-0.134063297842128,0.301885084623094,0.501171570038543,0.094085776499594
"7",15,-0.231253068758767,-0.286331694826822,-0.269206404622944,-0.093620159430722,-0.31323939850855,-0.048708390000276,-0.410513358563898,-0.289563737915203,-0.327945126180431,-0.071461085444009,-0.249686681470558,-0.016583397849998,-0.27353010455625,-0.361316845382573,-0.336229773516103,-0.219430296402722,-0.453556359713699,-0.48609612316466,-0.066894862868205
"8",17,-0.089271978843662,0.057182531576054,0.063555814741796,0.094685006476307,0.00889089320189081,0.00152795946405504,-0.130835144276974,-0.256321773583742,-0.250806926583768,-0.00054580556793099,0.00971346958047092,0.196220073863659,-0.152231735398319,-0.167321214098067,0.0839367041766476,-0.128419624257021,-0.01338025056907,-0.018164074290241,-0.032973634660085
"9",19,-0.073591721849108,-0.19299452609293,-0.0715659471804191,-0.069692274675684,0.61844022085268,-0.017250826970211,0.173078739990508,0.2714300997657,-0.2216898760747,0.048516648245024,0.092432454352268,-0.547843681949564,-0.036275351162446,-0.097524382067447,0.210779151227061,0.060010513956066,0.027864063358091,0.174734724548086,0.093845583721733
"10",21,-0.017354687638984,0.30026060492719,0.14134910972294,0.204770620155163,0.03741417221927,0.073830582990432,-0.142450984399281,0.01655107345651,-0.25850601332248,-0.019703464818592,-0.01989406072856,1.01288051027178,-0.141277787333053,-0.16403816625429,0.060793161145231,-0.010737031176719,0.158489541139706,0.07531891584416,0.072190498296169
"11",23,-0.17535335216699,0.214198152952228,0.089337803156209,0.106380285590188,0.265672907877269,0.022330668101038,0.209342982438113,-0.23169881293413,-0.142484482719727,-0.00441474934379799,-0.140855429658402,-0.987841777171696,0.027972298267229,0.032022425682048,-0.16852350823447,0.0474939381503779,1.14524083869543,-0.565490851436818,-0.11964067547632
"12",25,-0.134656690980864,-0.049234911396141,-0.189509970753137,-0.115174889012052,0.659438936880758,-0.040869503955525,0.12492140600056,-0.00688049563910997,-0.239095757762738,0.026456402848733,0.0302621836705891,0.268221217712629,0.348120092913732,0.0394143238321499,-0.04878426643057,-0.050118637779897,0.297933922649234,0.283909646096906,0.040988529441273
"13",27,0.000888540564942775,0.134434431879001,0.085426535464083,0.004622561558562,0.816320541920287,0.017260604514672,0.436622563311082,0.297656374171344,-0.151248623225497,0.097760903167767,0.124961664441796,0.301241819329653,0.404245434321692,0.412537121740111,-0.033703770808719,0.077222580868902,0.252722345356283,0.129018172675731,0.046318210349068
"14",29,-0.110855469792376,-0.0892026341586101,0.070530653036873,-0.0234892460137691,0.614071859301574,-0.012908748577802,0.241164795272095,0.37478644051271,-0.162299380816807,0.070118877096713,0.100248789003972,1.2281679636836,0.015111577360988,0.00452875843672995,0.298601311862782,0.093996446255569,0.155943386887018,0.768074316040147,0.128663406223589
"15",31,-0.0628171726807266,0.068036793008644,-0.041443153275251,-0.026483740664176,0.108785596844918,-0.023860103189709,-0.083510168158727,-0.0119007475435789,-0.247563130911313,0.014536073203031,0.0658366614651198,0.158447986714292,-0.29062855253017,-0.304587814543238,-0.025462726695185,0.030156033935135,0.181140753089168,0.14645071603403,0.049135316161756
"16",33,0.032220771990188,-0.0375823381854798,0.244677203620519,0.11296387883887,-0.012555422675627,0.053273384227286,-0.045395109095835,0.214801865798821,-0.205576900732272,-0.00102317002630603,-0.064836591964226,-0.249000269747607,-0.290420291475173,-0.159202718430954,-0.066911108312609,-0.00310660278924299,0.197823751790141,0.2261236482034,0.111471002695738
"17",37,-0.107380433032217,0.34442284458449,-0.0245170333536999,0.13455237014116,-0.14236591798849,-0.012014781653566,-0.315081081756342,-0.107122254220396,-0.024083269217787,-0.043219594794035,-0.114499632053435,-0.04299132099845,-0.545049480575139,-0.319145606894923,0.210524571826061,-0.089908853372802,-0.316648690642785,0.626630187069129,0.035339714938602
"18",39,-0.279017292518121,-0.03218871394344,-0.0987296502398669,0.0519914570415317,-0.452942958382184,0.00207672261491598,-0.435009062173016,-0.22932828981338,-0.240167678219392,-0.084870554089131,-0.179381332502641,-0.489983291290111,-0.487219681825397,-0.5484959602029,-0.192687257577848,-0.11451772730166,-0.622489727113159,0.024218104839414,-0.009257931440877
"19",41,-0.059132398150391,-0.36372204932887,0.100031393202515,0.219963645524722,-0.728077556231935,0.00131125425775999,-0.558481741971621,-0.374882454987867,-0.100228698694024,-0.089648704953074,-0.157804708913488,-0.00735033881274599,-0.442830194580651,-0.64740098609457,-0.260185868784408,-0.162371676498558,-0.19699565706816,-0.133666484475509,0.065441397666423
"20",45,-0.068200118102744,-0.195013016952553,-0.344779716087506,-0.339091449741309,-0.0997179396880805,-0.134554919511393,-0.204665116028499,0.070794110255369,0.043091124554526,-0.00245612068477497,0.0730743898843012,-0.775990034544729,-0.277007723060049,-0.299985320095446,0.242029331975038,0.0580881330452859,-0.359866523460913,0.626711857185578,0.00863130957004901
"21",47,0.101121876960319,0.739117966390291,0.391060610195632,0.40185625691959,0.0588781093195629,0.065133820925644,0.00183946851088701,0.339988962757353,0.064742468967658,0.017051434290539,-0.156962728235967,0.23833521414209,0.026740254580493,0.012438294649593,0.183488848809125,0.083021542366348,-0.189447054026517,0.09442905734806,-0.0864708269732474
"22",51,-0.090707341093537,0.31145531137836,0.095020061377595,0.285692230122926,0.093625274997415,0.103472579649623,-0.114928940873437,0.0259106808296199,-0.584015109127017,0.01100132468191,-0.0404115393738873,0.740063367158376,-0.089658692063166,-0.163437824358989,-0.137285765242486,0.070676533691226,0.157532636502418,0.119611277333376,-0.0277003611373184
"23",53,-0.020221100196614,0.424568750021139,-0.031828056953121,0.12395499887918,0.101922998376699,0.032805943998266,-0.215149180650509,-0.105365104060487,-0.085936333839933,0.00525105286473104,-0.086279969033281,-0.159774146861343,-0.0610281036181394,-0.17509668466535,0.072519752730723,0.0284515910129019,0.464930552965392,-0.20733869067038,-0.0123168500893128
"24",55,-0.287076095623398,0.119192678350128,-0.107870308960721,0.300900466413033,-0.498368216742287,0.083756875988249,-0.543977209113259,-0.770502683858038,-0.52184508831439,-0.124276096076297,-0.312143939271239,0.608904519656387,-0.72160583628371,-0.737367102820173,-0.363021443872412,-0.350129536911514,1.18232816040453,-0.804093097148227,-0.089360187210719
"25",57,-0.01458778195803,-0.047908857242591,-0.251335607698642,0.047285570686749,-0.0944044940769759,-0.00316325511129401,-0.414981781542358,-0.110846789311938,-0.230708159233809,-0.051242045411004,-0.106193354276772,-0.220927013617522,-0.242464431999876,-0.424457507976248,-0.133385170561666,-0.0211002135934705,0.179741233893169,-0.248607255750601,-0.108356502760815
"26",59,0.171081823298363,0.1989682875491,-0.082321353639893,0.234169385931932,0.420055562020486,0.09002254604918,0.387814923996054,0.386453336378376,-0.378647669198514,0.031457279268993,0.116271850868447,0.722813946490263,-0.080935131565215,0.184584474504413,-0.020278521359816,0.057941430549511,0.337689960253217,0.42263349159824,-0.021215359280043
"27",61,-0.094239333705633,-0.176520109564303,-0.367167274651155,-0.095910024728411,-0.285476078169025,-0.0692411032747969,-0.385182226973572,-0.209470265196617,-0.101615815613066,-0.058844656274936,-0.173880238883162,0.538457443029871,-0.342270627742941,-0.251552766661944,-0.245054720774852,-0.090988369008531,-0.22340762775002,-0.13659167167457,-0.011304705896323
"28",63,-0.00131073037169299,-0.122544780056347,0.014692991776355,-0.109675394023399,-0.092826747953412,0.025234795990632,-0.0306813164081629,0.13787859619487,-0.256400940346138,0.00549608335014801,0.050700773676886,0.242940075174027,-0.302133092722793,-0.0465692543619538,-0.0516540461730487,0.028746238170841,0.192438076832022,0.372724007825355,0.0138486265652878
"29",65,-0.00296113552384702,0.08686823351993,-0.00774572817068309,0.052686707257102,-0.20471511460303,0.0321927250631571,-0.46455850123655,0.014602930262669,-0.267465547168264,-0.031969377627239,-0.084903473660537,0.176951680407897,-0.353871662289354,-0.305532106564533,-0.135607164845366,0.012797007969661,0.184533000956341,0.093671799206044,-0.0194468450801859
"30",67,-0.063595535511522,-0.204680042454326,-0.090906538760548,-0.00744950999027305,-0.780984806992584,0.027675660371051,-0.914036197304565,-0.407364139442221,-0.370789951414298,-0.101190571275193,-0.377397360872275,-0.208880262153291,-0.844648301604807,-0.717375914368144,-0.430080114864604,-0.117728194037327,-0.513417212678961,-0.761917641563268,-0.201953865983315
"31",69,-0.050323713254253,0.155022214388086,-0.0405416908527998,-0.039202871632938,-0.048277741145194,-0.00485285131288105,-0.285306490218333,-0.179866198321673,-0.124450692059393,-0.014579032260776,-0.148228474578447,0.067470413106681,-0.239321287397184,0.086549988426472,0.0359511599279591,0.00278898439823894,-0.037799212986065,-0.066865755977737,-0.0616531145518249
"32",71,0.110074979706473,0.024554981975846,-0.082949205873618,-0.113529487112024,-0.087090775465953,0.026328865030537,0.040206719390047,0.152710768081956,-0.335637525607359,-0.017521845580724,0.078594840166857,0.269537532121366,-0.388238143786141,-0.053022743281296,-0.164646945874561,-0.125908204559201,-0.4023894400924,-0.01227860423615,-0.056235428764972
"33",73,0.03931318996334,0.17388144723111,-0.031555757742543,-0.063128436647241,-0.564116244935074,0.075358142903032,-0.674105583116472,-0.216589205248763,-0.446719236311032,-0.062196536742309,-0.241164674126722,0.302042239611891,-0.568507691126808,-0.420008673605458,-0.337844140839356,-0.124002250324975,-0.055190636087348,-0.637058975958068,-0.097141089723801
"34",75,-0.113218882820318,-0.266783406536713,-0.63816766066692,-0.183390820883332,0.300135903817407,-0.0555778563276019,0.031671166598908,-0.00775477634548294,-0.412380451712141,0.016074396269873,0.035000776240085,-0.751042362131239,0.047596270330608,0.142504491728184,-0.164441849030672,-0.205858446905072,-0.065555362191571,-0.418441710884512,0.002902725994261
"35",77,-0.094532610852074,0.028211329120387,-0.070071577040815,0.246206386560321,0.116094970869228,0.031631238895634,-0.125122867300409,0.029625750120628,0.108252377550067,0.037752327619403,0.18915772278296,0.340416355167081,0.036084571743007,-0.179585511128539,0.208257411959743,-0.072393280540146,0.350454485684936,0.441020670403573,0.131232499138939
"36",79,0.117094827960424,0.432302914438869,0.188382175023475,0.219492514415121,-0.201896055113033,0.077260550256417,-0.362484298527549,-0.091877846728172,0.0314489551971719,-0.015497625704958,-0.0547377810699099,-0.258300621987194,-0.282993691432546,-0.273169220341325,0.174237425415071,0.096763309111844,0.355652723425339,0.139819068609361,-0.015652572639853
"37",81,-0.103605572381446,-0.404192057676955,-0.482004766584158,-0.132832995773645,-1.3719681673003,-0.0143736106074931,-0.89638150285359,-0.583222786746497,-0.450136550953533,-0.23871749273312,-0.2754256506082,-1.02744134440214,-1.28519298784251,-1.60871248258692,-0.17348797088416,-0.211707390738809,-0.04601154156244,-0.31085889700906,-0.074390527496628
"38",83,-0.080403084552216,-0.032833269677132,-0.284673166228297,-0.580392139294663,0.185432274771786,-0.142802613130651,-0.111398744339498,0.196995595771205,0.096762320717002,0.02425078067269,-0.0406464498229641,0.671203105486663,0.099429884580423,0.02132683870286,0.156104243520464,0.043513778539188,0.102725637579591,0.19756476311341,-0.00842391403258302
"39",85,-0.019019461451374,0.248743268282546,-0.069351511943819,-0.06448129668936,-0.534960757950829,0.00742890226042903,-0.650436738706058,-0.17586556158417,-0.147130728898515,-0.069347700777961,-0.097012392486615,-0.48450201775594,-0.279895906506433,-0.275317821699813,-0.088853277533675,-0.059908396093449,-0.140141613001094,-0.365738852941037,0.046238229833529
"40",87,0.118199144919741,0.457892900581653,-0.062597952196518,-0.018352533902585,-0.026667164988956,0.020922939295545,-0.15156223984698,0.23696203544708,-0.352007279912577,-0.0158291245476879,-0.0681965232452584,-0.714123674627513,-0.052349849859684,-0.250686386284399,-0.10610682334544,0.065131423572603,0.08702267840543,-0.128457903381459,-0.039597672416508
"41",89,0.100546183947238,0.330626304551688,-0.067182917572166,-0.05480579624113,-0.243679416721909,0.106808211735213,-0.0154822794798646,0.19181652152256,-0.436464323323335,-0.042227953011322,-0.039014340928751,0.324330471939043,-0.210510689252895,0.00931348634567097,-0.07092769127323,-0.077680630503312,0.282009033638854,0.0725035058441796,-0.01236476068108
"42",91,0.074663812214784,0.13284026698127,-0.180663437633347,-0.215579023824727,0.0563637808055,0.047701350124866,0.29261620947587,0.696919093241844,-0.373792958037854,0.033623133347861,0.13710999881573,0.371014913087223,-0.247212307453864,0.100932844813338,0.176716855210226,-0.005593273210451,-0.16330558944046,0.540219742365046,0.041360868361067
"43",93,0.067655312736153,-0.050452002060979,-0.0285611462183071,0.00427560172059599,-0.39846125960216,0.088013912801286,0.14514478373138,0.41448070314345,-0.488446331945544,-0.033732472423272,-0.038566537289407,-0.372116836024216,-0.579639664858861,-0.358945551342187,-0.043207682312292,-0.117522800477143,0.0098726615380598,-0.23730572749946,-0.0528515784926
"44",95,-0.050111801925205,-0.335570914497452,-0.409390935912651,-0.446076230134364,-0.145792026147295,-0.091525551091334,0.364681955793821,0.471714327133983,-0.565749739597114,0.032280393898666,-0.071728056827597,-1.65182037862537,-0.432777904196986,-0.0235891846877228,0.181201848327203,0.01644388590052,-0.190975092049057,0.478317635984717,-0.067236439519859
"45",97,-0.018408997894383,0.312913348314634,-0.329061642364607,-0.166953128251828,-1.26328537192854,-0.00753338619478905,-0.763741103753446,-0.236078902169958,-0.613970946169966,-0.134665081351879,-0.346993150838123,0.360931958415035,-0.885552885651808,-1.0089704262555,-0.534469336755114,-0.062026021904369,-0.240768952712991,-0.647606468011607,-0.067918386656727
"46",99,0.148232430803851,0.213241994450521,0.162714042156085,0.387320931686316,-0.20490372687424,0.137077300518179,-0.153937412935534,-0.100933278828015,-0.228429416712448,-0.034996014135552,-0.131296788258343,1.68197232121806,-0.269459049467822,-0.225173976586956,-0.263868116247771,-0.220195480916621,-0.127111378148932,-0.545842876860025,-0.029088802733637
"47",101,-0.021847885981807,-0.019630461275442,-0.00465118979093004,0.177802019515551,-0.425549972423782,0.06804412014033,-0.308039126679886,-0.082190007434059,-0.400816491461275,-0.073961616640919,-0.318489053361905,-0.582039338899596,-0.717592965048087,-0.788238906288984,-0.438637260696733,-0.197753817768274,-0.234800870028705,-0.489993132201068,-0.037992025449853
"48",103,-0.179307461769689,-0.044883112133713,-0.346849960894153,-0.146327183626693,-0.219260308206665,0.00426349907675205,-0.398497338585984,-0.0645651895156129,-0.46967767628198,-0.084741542274861,-0.371420320581379,0.534068420787877,-0.610572159185082,-0.757382430900593,-0.409631671944509,-0.167140082759528,-0.329671445413151,-0.766206633035366,-0.104823379117233
"49",105,-0.066644470797637,0.405495853555378,-0.029058085250659,0.252231005485007,0.180836079128957,0.0903822541768199,0.034439084570426,0.365430199629232,-0.35061848748027,0.010531558529644,-0.341946709813378,-0.972891828428856,-0.325325886302805,-0.344242828963965,-0.147249709833473,-0.0408490548886506,-0.0450635387203559,-0.109520140925557,0.00566932096918199
"50",107,-0.121994091722138,0.059375551037869,-0.41894715118571,-0.034472506287168,-0.971950521665528,-0.00976525879768209,-0.923877170567042,-0.255745591994931,-0.502610172205528,-0.120940065351284,-0.441778277469231,0.457612147433485,-0.966263650688802,-1.07604056871736,-0.541119795240553,-0.0483379273468726,-0.0683371206000565,-1.06699357088587,-0.075947542761592
"51",109,-0.0633370205937157,0.00736180012604898,0.056231831498777,0.152153584316065,-0.189943989052232,0.033642291986788,-0.22925822596735,0.067938745262358,-0.265564928560229,-0.033030254617068,-0.09131309080851,0.331519930229988,-0.248012264002219,-0.433868016519254,0.00375446715651401,-0.012756996804499,-0.091646022164751,-0.03491995319063,0.045386140529643
"52",111,-0.204283734706508,-0.024217238268341,-0.105509669656299,-0.069266994763739,0.161299286954744,0.016127376702843,-0.037707720118949,0.0899795753516229,-0.149961048729463,0.000942822296606,0.021015188176721,0.205447301581469,-0.155391665623088,-0.167512872307068,0.043475468780356,-0.097832070094908,-0.117449972123229,0.190513965450081,0.087312772342262
"53",113,-0.00420495731600701,0.119347314690085,0.0406408826778509,0.014617133232437,0.227847794359153,0.0165014829780801,-0.019171888395786,0.121903236549626,0.188859548516875,0.037232277340865,0.107948334313714,-0.313403975775982,0.082193344714423,-0.10551448801796,0.175991657336079,0.04306743146138,0.014444999774398,0.106447126692623,0.086072425777791
"54",115,-0.024306260633412,0.196979057617073,0.310843488566318,0.554669905747222,-0.088411553222856,0.043024343164911,-0.170264670985409,-0.137075511728631,0.121417223754391,-0.00502801261080202,-0.0366523646870635,-0.445451666717625,0.025176401128215,-0.176411975807674,0.083236381560821,0.022684894700974,-0.012783924520134,0.1625514989746,0.031430307562242
"55",117,-0.24998486565676,0.0711942180398791,-0.077403555372748,0.209613324437058,-0.41883043393006,0.180625580949854,-0.58891239741141,-0.07206316527715,-0.00878414447349996,-0.151775760721063,-0.562291636940384,0.664784962873511,-0.621149133283616,-0.57726316650518,-0.44440444299066,-0.03444304657236,-0.641269562758809,-0.0395701838233702,-0.07868012711655
"56",119,0.00631075657360003,0.018206082281764,-0.0971736995934986,-0.010997947327709,0.607183648749644,-0.024512996560641,0.305203442785253,0.0865766123424421,0.120112012315843,0.039730537871259,-0.0131732725745419,0.459534966181989,0.237626429709547,0.344413237466453,0.082824294304613,0.00308810684406002,-0.367094509442484,0.253073174504,0.079261997837547
"57",121,-0.168870318204408,0.020132103080745,-0.088346245668714,0.107845735392038,0.129834220948956,0.089793573032736,-0.011679807870522,-0.063447838622767,-0.066336443898239,-0.014323719065424,-0.297470690206062,0.365912401818541,-0.135523904362303,0.0612625167360635,-0.246882137417125,-0.0291341901625399,-0.181813215492586,-0.424411900144016,-0.026121403240982
"58",123,0.268761545636988,0.099475105276604,-0.194616180525082,-0.13289956622028,0.14435629214962,0.046801686902434,0.63388802346502,0.6015154258897,-0.066322402341226,0.063586665753595,-0.403440176945568,-0.056481115995308,-0.389648675463977,0.15382009190451,0.01329241101015,-0.0988418573644001,-0.500941478734845,0.75023949460031,0.010643577749547
"59",125,-0.158623430598101,-0.100390383455194,-0.14304607574832,0.044025690417959,0.264532989236225,-0.017148958854171,0.195816656074708,-0.0365076717773056,-0.189487503871358,0.02399617807445,-0.181752942093532,0.0390504551781311,0.064131942352445,-0.172701309340538,-0.189276624460989,0.0124682315404399,0.032085479419582,-0.234272564057036,0.00773576286433497
"60",127,-0.138386702759557,-0.111885968780073,0.097023671100123,0.267463993137427,-0.128939436146317,0.113190526200775,-0.0652898750023748,-0.102830037240184,-0.154309202586355,-0.058056894115998,-0.250081846003799,-0.102305416656662,-0.185803399217835,-0.412690515272814,-0.278051874911771,0.099006525737858,-0.368839415707386,-0.558534046780121,-0.040185356053226
"61",129,0.1537480641247,0.019875392956569,-0.00582290890958004,-0.0545234985038301,0.420298557937652,0.0498649512931371,0.224770934331295,0.192136923694456,0.098548683733106,0.103412988115213,0.071304457511535,0.61531588624098,0.279051819913517,-0.00589355031161698,0.130471244632674,0.01823120238748,-0.38289661532193,0.540202572797459,0.03702767663999
"62",131,-0.125992762097227,-0.398132926158088,-0.149195493827,0.061054965681412,0.335060096077212,0.014537573506202,0.096874618912741,-0.02680085502201,0.066145379927959,0.054312501474273,0.0190980415808779,0.218486076642981,0.171953395791021,-0.06811840252068,-0.197767616814184,0.04230713775881,-0.273693252742489,-0.044267629206741,-0.040392653760319
"63",133,-0.0438010258685046,-0.049987592919343,-0.222939699902896,-0.218977628312557,0.505154147279983,-0.046187206361344,0.294376454368372,0.097261421567409,-0.143811349758473,0.044135821708618,-0.087965757972017,-0.734165310618381,0.014104566832655,-0.029089964367447,0.022017996795736,-0.059253134047552,-0.247009058688065,0.279654665462796,0.052273721961824
"64",135,0.166524743392549,0.181988652997139,0.109909690096594,0.109893027684828,0.620957818353783,0.022122735963519,0.444319303758371,0.377295071709154,-0.20113726572913,0.09432907539332,-0.137299252443806,-0.27805259762548,0.176008489322804,0.304120698321971,0.223636688300761,-0.030341336027209,-0.478677437346159,0.26594510900324,0.101824563617466
"65",137,-0.321160056686949,-0.469171547836012,-0.840218094779113,-0.675785987859568,0.00139631340523194,-0.235911866734769,-0.0337849770680308,0.102289607118205,-0.462489217603304,-0.029933630340005,-0.32108129056433,-0.24817730487231,-0.234146182329915,-0.382039762707616,-0.264759030441702,-0.055930167774476,-0.198590149286767,-0.462179814700544,-0.061842374452277
"66",139,-0.158229902675382,-0.115965426457677,-0.252811395620211,-0.096901586397805,0.267080651632874,-0.000361548328652983,0.085106821657815,0.1601319096845,-0.286082839165754,-0.014986259216515,-0.279766575991267,0.496634136015875,-0.167467619847873,-0.411850723818486,-0.261183313891909,-0.0845108440646647,-0.274741624839054,-0.322175687334627,-0.043734072468673
"67",141,-0.180984061029008,0.318406889791699,0.13115565400059,0.185841929064776,-0.017353397346842,0.17386844914358,-0.00592037106372098,0.120635500900227,-0.213423437020856,-0.0935879016432998,-0.368438677416506,0.578867684287174,-0.357279588173055,-0.449358327158827,-0.260037290829883,-0.0764754116077523,-0.310726979211579,-0.373884878548908,-0.094669902947529
"68",143,-0.172319706337084,-0.0849167632656485,-0.187644419425476,0.062707495556215,0.134315610123768,-0.043217304495517,0.210356511595534,0.186706335578725,-0.197380684404367,-0.015171649741211,-0.366745648311022,-0.380638326977491,-0.250799042392276,-0.167133627257627,-0.24190031754463,-0.120530753531216,-0.414515592551647,0.056564528827879,-0.029245120914579
"69",145,-0.0198512036413561,0.0443530801960299,-0.121160202266962,0.012780630412559,0.296205717572765,0.0165418469822221,0.12490992946748,-0.158281103153249,0.0071702890772363,0.072421529389462,0.12913967534637,-0.53072168963328,-0.186278524747177,0.059946407561089,-0.161992777555098,0.087497838694904,-0.174334808196906,-0.228890725871973,-0.012505705095266
"70",147,-0.24011350172732,0.339453985967368,-0.00100172570578499,0.211350125233578,0.181516314732368,0.07534484307051,-0.0994527934433057,0.0842125080796811,-0.0456761734549129,-0.0537003194504377,-0.229837776443384,-0.463824779647299,0.0676397828843499,-0.292337299376348,-0.016536081444231,-0.017651446331535,0.208466094503903,0.200393268323578,0.0071968322949487
"71",149,-0.168469992459265,-0.094259482105074,0.199591705281284,0.050882421422886,-0.0938190567250139,0.0988623047484942,-0.180703365786472,0.01650224266914,0.077545541559868,-0.0122539428814309,0.033663612397629,-0.025816865517673,-0.602695820804021,-0.642880336637322,0.07367721576089,0.122119291872051,0.155281913499447,0.168688402370216,-0.0380855258794623
"72",151,-0.0667459656710199,0.299342521900612,0.087276359124939,-0.0015336818997669,-0.0276358188574799,0.0113939903499428,-0.2511593166054,0.00611990021829201,-0.25440867169505,-0.126571694231746,-0.248054746477351,-0.424748516440291,-0.434923214948088,-0.518213816692812,-0.21933110947355,-0.110079899520915,0.195443953524795,-0.127652142011494,-0.112953205505366
"73",153,-0.0340411786778398,0.278657402098514,0.197844279500453,0.159176219627911,0.282082432877201,0.013835575109082,-0.122854648393938,0.064759115722249,-0.144496474119939,0.01424333736038,-0.171462717847394,0.322287692540618,-0.453841443850206,-0.097910216009256,-0.10147946774128,-0.00674044856165601,-0.341478382017837,-0.070879527336659,0.04495367242101
"74",155,0.37681954402989,0.617766152456303,0.228191017458319,0.013308321238544,0.276626757807864,0.057041739880505,-0.311928705975385,0.419760482163533,-0.14816307739446,0.0551739934974989,-0.108344575938952,-0.0908443128880467,0.00251602057936395,-0.17909619066523,0.17636505466724,0.162079357739687,-0.234494074644177,-0.104905428362813,0.119295824617183
"75",157,0.0663038433354699,0.250530776027935,0.123662301837844,-0.0305129687032806,0.05906771276905,0.0899233062840523,-0.13626818948249,0.180408796488511,-0.311008069933317,-0.0278434084010072,-0.159880874683626,0.044168830682298,-0.224368468640272,-0.5125423987114,-0.18088572671296,-0.0332648821842021,-0.153890663847855,-0.075414097444416,0.018882550826472
"76",159,0.108666325030153,0.194138364398644,-0.016819227642294,-0.0209550690225939,-0.327093904441544,0.027677701237356,-0.184425307000025,0.063097289314586,-0.426240780832747,-0.0829247047296153,-0.181696300544331,-0.132616656588325,-0.43666610487583,-0.669776894851058,-0.25231077596509,-0.06207870125794,-0.011248841924472,-0.107494358017429,0.01909813229587
"77",161,0.19533305521898,-0.00520321388870015,-0.00998096628191014,-0.256616343821428,-0.248258195332317,0.0512931526868601,-0.063699453159959,0.23370248468313,-0.432674458157671,-0.0266196285004745,-0.0945412943564637,0.330210886116003,-0.386956518202028,-0.432488848294504,-0.0176709668539901,0.083864255601638,-0.46964603791619,0.271704669185325,0.0604603491335392
"78",163,-0.10998247905433,0.255109850335215,0.055230560792108,0.14603431742873,0.103609105959316,0.091585052919907,-0.323512008078222,-0.074888882740388,-0.352165187284206,0.024194778634058,-0.172937747092755,0.397904739566757,-0.357665604654167,-0.411891710823358,-0.226206509655584,-0.025828435631675,-0.287501444092588,0.027373456804652,0.052688502977843
"79",165,-0.135709415527931,-0.112897185956322,-0.200524257033463,-0.0649085246194925,-0.066415240467184,0.0570675352304325,-0.010860032519339,-0.0168404273578709,-0.305344915605374,-0.0258872532526319,0.0254758168849603,0.021740489994673,-0.383613424900089,-0.595022471666608,-0.027452625704924,0.078307299309611,-0.11036833775468,0.416248100925699,-0.015640975776532
"80",167,0.060682261222551,0.0438907925384378,0.00402150829999692,0.00221067568010902,-0.10116268039373,0.0902478048342666,0.09519146289617,0.474960275353408,-0.511580874497273,-0.0138477721528824,-0.181196745429922,0.471951568765615,-0.233049737388347,-0.188253544466627,-0.167533303485308,0.032435158539467,-0.301534291131033,0.016971345257373,-0.00853885626834999
"81",169,-0.2286478468854,-0.356915115180433,0.296684438623417,-0.251693989658201,-0.66894575125072,-0.157765915485997,-0.41116307276063,0.785451471293449,-0.692057928383301,-0.200808450542376,-0.278230415964161,0.23031181156961,-0.422177168942855,-0.923007046689989,0.662327539524821,-0.316253356616473,-0.675147263027405,0.90665066386336,-0.00787639841877508
"82",171,0.0120988729720699,0.330189412481481,0.26505400493105,0.101629447644746,0.120702304920023,-0.0709759015103624,-0.199598537489061,0.373732408143616,-0.376009286526482,0.032289481122432,-0.109142010265102,0.368179788011728,0.045050146626325,0.02908082600274,0.168966700715232,0.0246114357195449,0.055275731524911,0.229604884209464,0.016604728036092
"83",173,0.047990362958134,0.558034578311401,0.116835856364962,0.0823628797234259,0.759627507321498,-0.041928174582602,-0.182233564242925,0.350834688741319,-0.438745896588009,0.088187241476468,-0.184218283273663,0.209835619092513,0.336290723303411,0.386551041581346,-0.0384354018377999,-0.015917013040022,-0.140830562955109,0.08148929330663,0.0524431155404468
"84",175,0.010356101726394,0.259404658681528,0.166789372322877,0.402100106532791,-0.209929420377208,0.160358790558873,-0.251573012946862,0.038196130277736,-0.602082073357054,-0.0675866806549789,-0.312394882851874,0.271185011509888,-0.112177260846495,-0.351371167597741,-0.536443203971889,-0.131191061830041,-0.324856016486002,-0.544033881313273,-0.137748418756879
"85",177,0.00945942480554096,0.042125067864135,-0.088083599224168,-0.0015959852309293,0.300186862267247,0.000429421258002993,0.240815856344915,0.451750946247388,-0.264560271217582,0.0364915885734544,-0.19003952890285,-0.119539644139568,-0.120471909783935,-0.203512090319771,-0.0485380166454561,-0.036084407537781,-0.23222104811378,0.182092537365315,0.049425888687972
"86",179,0.0461595675667301,0.102258929306346,0.316216283127013,-0.341337542225148,0.442683991762867,-0.066226126986642,0.351763878282391,0.868927746252153,-0.331365192054917,0.095374913836283,-0.130515483901741,0.367299604278154,0.019238188406561,0.183324599552373,0.398344797653202,-0.0231816699752,-0.009614739475709,0.637282937047799,0.016124685686507
"87",181,0.04570268150459,0.215781046338466,0.12289760667863,0.171537512577504,0.426024265326,0.050931743960146,0.428149711593536,0.607302643992459,-0.57072826096277,0.104363774325158,-0.314617449656771,0.03861743779467,-0.152372392897026,0.220054595879288,-0.32597466820178,-0.178743919138815,-0.223793707922195,-0.165529413950824,-0.058261162825046
"88",183,-0.13881310065432,-0.148045877666043,-0.409681423522,-0.00274931264055298,0.237412612774206,-0.07534833413836,0.0596888176207922,0.288888386132285,-0.647997675518826,0.007886362250104,-0.175780792863903,-0.100314205244367,-0.317631918401324,-0.225581576839948,-0.393699965676948,-0.181869425296818,-0.508179270285113,-0.22948307657795,-0.073300624636875
"89",185,0.052331404787049,0.053414687858825,-0.0524053495799529,-0.0978163898512888,0.284920548135943,0.064754196822374,0.196745632825714,0.417777154463972,-0.271661959287424,0.0468162772270927,-0.210738423531231,-0.442160476730412,-0.212268690095483,0.072097914496521,-0.019203386805645,-0.147000274461129,-0.256692997639106,0.166856911499707,0.0106430354892
"90",191,-0.043427292007141,0.07984179744091,0.11942724323514,0.172708824025835,0.228699700086034,0.012339617857123,0.264167224264147,0.314025130827345,-0.299545051630705,0.0540284548531215,-0.377913675196722,-0.962734652970693,-0.202253077963924,0.00359437213111496,-0.186958572373483,-0.103006936198232,-0.356059208612892,-0.00941406407895695,-0.079694989293149
"91",193,0.15617498302017,0.069498944781769,-0.21351252559701,-0.04658103194486,0.630557946143628,0.00585170244365099,0.538349474243526,0.817189419452786,0.0352642565401769,0.113692022780865,-0.050400598638588,0.388820251662183,-0.117528651634363,0.381258526507825,0.4600888136866,-0.084764831476065,-0.467729270193343,1.00052618477713,0.197099517360689
"92",195,-0.181762740364965,0.0326927111112005,-0.308629643442324,-0.622443713204279,0.243800371843047,-0.054942566504035,0.103179688706303,-0.135111231954162,-0.189120426448391,0.00949877911328961,-0.0679761436379786,0.656487576218571,-0.046030547739115,-0.059278843199941,-0.0465068567553359,-0.200733214441515,-0.258635380404225,0.400898886942174,0.064312560961496
"93",197,0.05289049032165,0.05056606928014,0.024381901177873,-0.147343670771639,0.0748672280998889,-0.019732714697014,-0.145523848146668,-0.071518083275804,0.145916941705708,0.0350748219726303,0.239241002623291,-0.0763390882941499,-0.210841133802414,-0.231229280934586,-0.0976266433205118,0.207498848421238,0.713726163808467,0.052084729342207,0.05789750885842
"94",199,-0.23963597626378,0.00495060552319004,-0.054847372251892,0.054815279153585,0.127411208550401,0.0023792206421154,-0.414199423448957,0.033697035114616,-0.361863350902648,-0.031436052966888,-0.389859963436298,0.0212383639548801,0.0410928860074323,-0.235368803695391,-0.167999758568696,-0.125103046637985,-0.118749941664941,-0.740300542919432,-0.129768674305522
"95",201,-0.1279501724897,-0.074357428516194,0.058846967400658,0.0302526460718351,-0.588302200349162,-0.103109021362408,-0.385869373943724,0.338086517824507,-0.321456166854591,-0.0456927011860785,-0.136366747623847,-0.0415044922250226,-0.177149583999294,-0.478343351979129,0.260094025058447,-0.012073245120626,0.104393094950352,0.453692275043595,0.014938705665917
"96",203,-0.0139559934512001,-0.44960332388757,-0.874037600335934,-1.04129864577903,0.49139407236099,-0.66880141262904,0.070581659281796,0.277544458282324,-0.158901482298181,0.042437574100763,0.087396415170073,0.140305191252245,0.140020529442659,-0.286053282862108,-0.350243796797432,-0.113791067613856,0.902784062272661,-0.979659479954564,-0.036996524538478
"97",205,-0.271017836912415,-0.0562730167219301,-0.234681919397331,-0.087921760549284,-0.60820985562247,-0.1001465158628,-0.12419079512959,-0.56666537267507,-0.124562680540516,-0.168248721062183,-0.209648824159051,-0.36262274442715,0.0866004670024998,-0.322284429412178,-0.30791237511996,-0.217504803899952,-0.229289631874919,-0.509487101261258,-0.090454804733814
"98",207,0.022541533754213,0.289680785730148,0.339218773679965,0.316475250347436,0.09127537635009,0.163934223341563,-0.073335769295115,0.0670197185036601,-0.114398606303203,-0.055935863787218,-0.1443206858758,1.31773146888332,-0.0239682216133601,0.0413200642110759,0.01325593701142,-0.0414470582034689,0.280929467705704,-0.304349995210878,-0.012706351316483
"99",209,-0.0571379527095491,-0.314478901301812,-0.220932573959066,-0.143507841869511,0.571892869509031,0.00256493541109698,0.310161302470673,0.199747977141289,0.0135286435659728,-0.016657746152085,-0.000186352145008062,-0.317760216528596,0.164663124287404,0.062745741654125,0.082629609966845,-0.041969961920454,0.459764395956007,-0.121386507902679,-0.021745393062814
"100",211,0.046624940769469,0.0161502666078901,-0.021250442644791,-0.0839936914691064,0.00125390962905303,-0.00965795858502599,-0.00173532762298401,-0.057636549599036,-0.0135740833311437,-0.018389931993224,-0.046961087238994,-0.22610900987974,-0.103441838655811,-0.174716571650634,-0.127783607497351,-0.0392284434550859,0.097763432260614,-0.554080593706139,-0.064169181984294
"101",213,-0.167079924666113,0.125753158553108,0.331930621126772,0.191898444074412,-0.00275369578667006,0.123474371733408,-0.130213693514206,0.08749033921911,-0.131777016853871,-0.050282502660938,-0.124647669133348,0.525407263748623,-0.09986492223962,-0.292331737737821,-0.00610052882022005,-0.096794045390969,0.312630705797418,-0.447474045983598,-0.00658844103382521
"102",217,-0.27635342142125,-0.0629311122566729,-0.0711550771727101,-0.212679368834902,-0.034057808258228,-0.030288323569004,-0.200209868789547,0.0667349352051398,-0.15964246586943,-0.074031895507704,-0.188942996197225,-0.636581152518754,-0.15159534538138,-0.370728453708674,-0.16169272673745,-0.179587160505498,0.575806572089631,-0.68612710143295,-0.0296773702199986
"103",219,-0.12896291630644,-0.162360667748713,-0.169432964020249,-0.366051212720145,0.0732829642061565,-0.088324806638651,-0.0397831860009015,0.077481138628607,0.040890073474338,-0.00442526327550853,0.044541753203214,-0.516129706393345,0.361731853075403,-0.104991320144177,0.15278357582715,0.00412650052728503,-0.210763107685419,-0.42480131277878,-0.0118868983051387
"104",221,-0.0941533808781346,0.0172227118203301,-0.14353961293408,-0.141517461744823,-0.139825528366319,-0.023403776291992,0.073163253523531,-0.323173100191065,0.104336609038276,-0.012658430104651,0.105371030987125,-0.766510163363236,-0.42558594276228,-0.180694175001864,-0.0492934389914891,-0.017420726078094,0.081827218067743,-0.106743591935346,0.0278646107059827
"105",223,0.009804372363167,0.172313073974422,0.078895486740749,-0.00892381454885999,-0.103199206935081,-0.0186120734009489,-0.146019831377266,0.0265998284504547,-0.043875442424228,-0.00761918077880297,-0.0402939856588198,-0.083940870238799,-0.306115700035928,0.065833501155262,0.066931828364848,0.032495213092424,0.045456003020147,-0.105872712483261,-0.032647398806475
"106",225,-0.039240131128348,0.046985860852505,0.148327919554069,0.026898683002018,-0.192245649699963,0.000184831404652086,-0.117092244167916,0.00538273868377813,0.011662665403698,0.011004023244916,0.18405173094172,0.644386464539796,0.030722954752709,-0.278851585609252,0.04843377277652,0.050238776388233,0.148579493805997,-0.221994096088517,0.035791175734716
"107",227,0.079067656869273,0.416487318269694,0.140955686343371,0.177166676530929,-0.138818756516579,0.148546932101076,-0.0505396470145291,-0.197043179192785,0.065613425580463,0.001021626985096,0.00516468373124995,0.671451724590888,-0.44263397884071,-0.075296572832324,-0.15123125479507,-0.0491792039813499,0.495831084702021,-0.222778470572097,0.051730951668968
"108",229,0.075590469629792,0.232593400316436,0.123030962981209,-0.01443892498068,0.074142182761881,0.099974322284322,0.177558442496668,-0.132285537363713,0.185596673023828,0.055081933248473,0.336041359527397,0.341900052794235,-0.17350868217249,0.075289779575197,0.223047689711276,0.158722613231558,0.310511868543083,0.219248301600123,0.164724254248085
"109",231,0.0850922868859951,0.143346680792792,0.0408013424792247,-0.028144386984067,0.081063069928991,0.071167779617878,0.148680446654278,-0.159206433861301,0.107921107723454,0.04193509414189,0.291900660741978,-0.109200240541796,0.0573904367655089,0.127278406761722,0.258419090865032,0.115834863134948,0.03807010817774,0.317191288222192,0.202507175240383
"110",233,0.0157499608112875,-0.00133244365222901,-0.063390666030678,-0.065614242071244,-0.162814253923234,-0.01470125267173,-0.133504925445707,-0.226492808662875,-0.062784146181729,-0.045103050859093,-0.00913578014503996,0.087196713798813,-0.170385394225315,0.0339307311101791,0.035717728048435,-0.011317614719752,0.555620195735753,-0.168272978431543,0.087262056304053
"111",235,0.0961351363603343,0.120743749441635,-0.00497067412547203,-0.124938218754536,0.0951351441727832,-0.0189381508701232,0.011563696040328,-0.189176013723841,-0.173054877810976,-0.032189513904962,0.032406153560214,-0.322283770006243,0.144186383521959,0.39238195870781,-0.060133881780472,-0.122943441022987,0.506380310004591,0.336514326800645,0.079111436097794
"112",237,0.194815432461522,0.0368099188740755,0.118335325953431,0.116920008399305,0.155930734129204,0.079243840356038,0.033582339018623,-0.176876154033545,-0.09851311699041,-0.014468941612692,-0.013578919529166,-0.180299816480045,0.005098251294022,0.300676183371716,0.079249366760813,-0.046875642625764,-0.384387220031907,0.407556637228957,0.0501340976029771
"113",239,-0.026689471964986,0.081014916342663,-0.073532529913171,-0.081379904780582,-0.0632924296469213,0.026579825827276,-0.154833143634145,-0.037937487626425,0.04547406229608,-0.024324250293335,-0.058492711974001,0.057679131488489,0.0287948308476366,0.044960993677981,0.0716096898821792,0.029846615230516,-0.618749284218499,0.036462893192987,0.08678926142416
"114",241,-0.149202453064828,-0.345514165298594,-0.144775778225804,-0.238960372500056,-0.11818195153544,-0.057218141629313,-0.236524446555483,0.018169963254228,-0.063898418049263,0.000449552791235985,0.111739749355944,-0.565574606431682,-0.38570248310872,-0.262476609032702,-0.13789924717936,-0.094075930527175,0.250613761503725,-0.239553176469567,0.067475425916284
"115",243,0.020751879229367,0.075059424753721,-0.040975560451374,-0.046458601380387,-0.033883788627317,-0.021280355529939,-0.0909624788712801,-0.196893058406628,-0.0510140127473495,-0.025716326155691,-0.031436859002933,-0.580223432424438,0.00300994570514002,-0.156901442416317,-0.176758144613592,-0.0782549797940381,0.0448293947223974,-0.219317762596094,0.02880808406489
"116",245,-0.052904716022813,-0.007155419689309,-0.173247635749687,-0.34849897623346,0.039983530187422,-0.052034574157732,-0.077850433479697,-0.1214285352062,-0.0203920991224248,0.024013420888897,0.00162027311214297,-0.413777463675485,-0.23692588547007,0.087529862247909,0.02784262486817,-0.114923020542497,-0.410413835309993,-0.547245226540089,0.06544143778903
"117",247,-0.024248365945562,0.11782451907372,0.19462553442574,0.14270931750599,0.064268758226926,0.118408099759123,0.096618465390032,-0.183318639932508,-0.031928579260581,-0.011766201371182,-0.014479143344157,0.129908862405746,-0.112663792424755,0.342439094676317,-0.129881044771091,-0.185840078754458,0.22375884294571,-0.00347067856834804,0.101169705010846
"118",249,0.00686042740523707,-0.113986244443419,-0.016307212154135,-0.05574092722342,0.084719618579312,0.016045727424243,0.023833458489312,-0.10425034011638,-0.141272272204371,-0.00666593213671202,0.031189928133364,0.224549320217566,0.0129912024969669,0.315031440771059,-0.07250256980024,-0.0920920149563029,0.140565505265755,0.0361527443487599,0.074226058889337
"119",251,0.0555171070463331,0.049444900906196,0.282536752551896,0.191254322750214,0.170979854267716,0.096304718810024,-0.021226864094071,-0.0869842606701301,-0.14143089648882,-0.011789345239084,-0.000709513618821989,0.426389105889149,-0.0118802588664,0.32818401681126,-0.101852340055132,-0.15128602782822,0.4180241053109,0.129441446349533,0.06375499299049
"120",253,0.232009101580106,0.249244486529787,0.400239512540604,0.490268822745624,-0.20043239377087,0.296697437568449,-0.188033906814469,-0.190257192575694,0.057612069742229,-0.034534736131439,-0.00109380495711803,1.0221952136451,-0.131843636169277,0.0930063303706623,-0.074309238599123,-0.314186230240664,-0.292098451178739,0.522748675189161,0.11715666547165
"121",255,-0.07186494210693,0.00839261490319965,-0.0273094481295799,0.00185620304454992,-0.17068733871019,0.015671765418807,-0.4060209731377,-0.27908708262057,-0.16641617341517,-0.074731678624627,-0.232394365395238,0.07237457466999,0.19354712861099,-0.0825068225530599,-0.23638328442715,-0.0575805202522099,-0.0361311733684599,-0.35181410183106,-0.0163516874950119
"122",257,0.0251249375997148,-0.068726967698651,0.260474827451869,0.088391210717932,0.03184674275663,-0.015524830987148,-0.093203979810931,-0.165896819174481,-0.188090579488663,-0.021790551533691,0.027964237567217,0.182397385916431,-0.138288114884647,0.323630023874695,-0.153822174642327,-0.133803770397841,0.49149804782995,0.101782163316582,-0.00302092838471296
"123",259,0.071533913367848,0.088141639516547,0.098254570555098,0.032508444504673,0.033262823286333,-0.013367168636495,-0.115402214571797,0.025507316916558,-0.12292606980503,0.027299773360458,0.097848304318509,0.318321856910205,-0.147805777688221,0.20280671825307,0.242567947592478,0.012468259842468,-0.40613617555134,0.404201914745199,0.0380872948618628
"124",261,-0.0440185924526959,-0.00945879734067401,-0.069088063525173,0.0556776468239449,-0.303167313440594,-0.0418676681091421,-0.434478045970856,-0.120916278526631,-0.133305509645367,-0.036610284899243,0.0558237700828199,0.370770650996447,-0.342899899926111,-0.251078958941719,-0.0494732177074689,0.054766349398084,0.46897285773198,-0.162178122051366,0.0735403174282841
"125",263,-0.175287333581395,-0.201717288313515,-0.22094539768782,-0.087509383133737,-0.60241835696301,-0.1185454718072,-0.808067145876173,-0.10439461341096,-0.19039461561506,-0.111662647558888,-0.35723473233229,0.0210969437826101,-0.365518346551945,-0.815909955012617,-0.33730307527105,-0.0808433841991201,0.45885970616037,-0.995981136851601,0.039870577141982
"126",265,0.00443205727183904,0.21637438442307,-0.0050135553933947,-0.077206409159975,0.404722631669072,-0.016194452683115,-0.000456626570641994,-0.034474907319194,0.113943007255612,0.032545232193317,0.0067289746328448,-0.040777119590103,0.279055170177504,0.575125319916107,-0.10137644477416,-0.0642954817126631,0.105596212258853,0.146231342062955,0.113509871654996
"127",267,-0.080110693676117,0.113613417315848,0.175746737898153,0.321636888563228,-0.00882367507471993,0.0580175396991586,-0.124129835508283,-0.212090696916815,0.03146771388732,-0.023483679916931,-0.00199099073765899,1.11104762653497,0.18335724211763,0.061614499958961,-0.228998418328292,-0.051184595643358,0.0409406400418583,0.07245282519238,0.094867064484617
"128",269,-0.00716812431421504,0.026981460299789,-0.0623938085657519,0.260221479459217,-0.1691526157577,0.0274775067132493,-0.00462900862037402,-0.455373836034635,-0.059539958101933,-0.01943612704791,0.035920330540402,0.812907090207868,-0.104145912929991,-0.04589841240383,-0.33174001474335,-0.109091458858613,0.043994976643324,-0.0536903265295199,0.0111720194798351
"129",271,0.08294805810351,-0.129409232297699,-0.0257000355098229,-0.0265243935987323,-0.20178717468594,-0.013290882960337,-0.072380410710352,-0.16039562351034,0.00199571483505401,-0.002727040705403,0.0070168766473881,0.501205276684345,-0.13847707196413,0.343409970157757,0.0151956643300502,-0.084052906439525,-0.561769141013013,0.40111323905342,0.0514606935797222
"130",273,-0.084294975415239,-0.0593453316992179,-0.339271280322784,-0.0545774591858999,-0.365862053338255,-0.068745759361841,-0.237968773737299,-0.22484005818492,-0.166712201403176,-0.026503459387318,-0.179608556883444,-0.103698997405488,-0.343964765557249,-0.0441575983594079,-0.0887873838062749,-0.0933649458856841,-0.849383596246419,-0.00573100387481296,0.011442828560769
"131",275,-0.078193972770729,0.202228233408402,-0.187130843371869,-0.0031794182665967,-0.720823281529367,-0.00624102588769504,-1.00485129153435,-0.226068036280658,-0.042761508826072,-0.117280466046913,-0.18078656476633,0.491606621733828,-0.404268207088803,-1.05869993120824,-0.356950299193657,-0.034033621801225,-0.417654162088155,-0.82940373183016,0.160768506664523
"132",277,0.0662286663963626,0.023929717437725,0.150414953785469,0.171173403623957,0.02277936093305,0.080951248645959,-0.048262541564304,-0.147505612466162,0.124090937192305,-0.003902420488897,0.0312916877092153,0.00824346487861605,0.043384009649982,0.20367854058249,-0.10635636280814,-0.161195176828991,-0.277239432323418,-0.12838160983544,0.015943366537775
"133",279,0.092330930731075,-0.03986220500868,0.00111736696331799,0.037319563017788,-0.117112299920473,0.026932307877804,-0.219124625226676,-0.060404497145274,-0.112788836097719,-0.003313939173265,-0.060497120220333,0.129342509060192,0.036938023030372,-0.0464184506249979,-0.115639013617125,-0.024692563872946,-0.569360131775436,-0.259115999745865,-0.068010567953294
"134",281,-0.034364810824901,-0.141736071356419,-0.31994401406753,-0.205002450562611,-0.073594582155903,-0.0560539784873091,-0.114684064041174,-0.107460318578123,0.010149809367632,-0.012489155670515,0.062590205307085,0.332021478716506,0.011419036793047,-0.293357567068135,-0.065324098338789,-0.107230199529613,-0.799265393622258,0.010427469228778,0.02609760474386
"135",283,-0.080573981747027,-0.208454605535485,-0.275356229081316,-0.149469212333559,0.042008024675476,-0.189365530752591,-0.184899532697931,-0.13723707196629,0.0148276456022715,-0.00385482871005705,0.00850482394889701,-0.482396123643666,-0.092502702935875,0.0830925240853838,-0.116552021960039,-0.000410214582890145,-0.24785833482818,-0.132530871269031,0.109125937096008
"136",285,0.13779876538564,0.818276919184222,0.430292406855126,0.358687577385139,0.320792039856708,0.233327112139219,-0.034743026119543,0.0757112922876893,0.122952931051376,0.00714530658485002,-0.004102707910008,0.841666925154643,0.18254331622738,0.593972567693864,0.0138736208839679,-0.108346746671825,0.224293227869456,0.30003738495108,0.10247355123616
"137",287,-0.004494373130149,-0.00274683927129693,-0.137479788026358,-0.122635707693603,-0.037749760829675,-0.082016316963709,-0.132880587772451,-0.055326216211037,-0.008708869440439,0.00574962540687302,-0.00792878019300097,0.0787164018395021,0.014662638690729,-0.143185783849569,-0.059871245494724,-0.017400165495407,-0.359633751674143,-0.328538157045119,-0.014210803393921
"138",289,0.297409190004924,0.0744128231209804,-0.0639355798314369,0.115234480539589,0.321969770231771,0.012240930385062,0.062849039032841,0.429562348501693,0.382258188590272,0.04503647650994,-0.0608037118366083,0.1448019554293,0.0481027275680489,0.157088108545713,0.303032505069058,0.13946170496764,-0.204742301990282,0.186296046639817,0.0783244552489931
"139",291,-0.255434491880693,-0.530831217087993,-0.000686497613044956,-0.091039827787112,-0.073963079531268,-0.012675231643672,-0.033966493605559,-0.10769704143038,-0.194315183012827,-0.03268810193676,-0.018608372591155,-0.34630447194131,-0.0782097827355299,0.404681237714067,-0.302469436646871,-0.15614359214919,-0.112330044867145,0.100045384159467,-0.046397288198629
"140",293,0.0130793833114,-0.359499089727547,-0.343628139658429,-0.376787878376513,-0.0594951521067849,-0.192154745854937,-0.107726110823575,-0.00634594447621371,0.02383540291648,-0.00657035882215395,-0.0342051291770038,-0.0924495041340299,-0.238803915262232,-0.042389416921122,0.065908417401158,0.02197276703566,-0.26644144998342,0.291929897146671,-0.054907890265415
"141",295,0.0957845525212009,0.21632332482004,0.102037673384355,0.195288058094288,-0.166366614279764,0.137048589678885,-0.183747489217038,-0.070477483273737,0.003432149057362,0.026131307618056,-0.068400635394047,-0.0561999159497311,-0.15411469537452,-0.243233434781739,-0.0340754831074523,0.00861122980956996,-0.572709944310382,-0.333071874540116,-0.059409219229339
"142",297,-0.119496316727655,-0.851581409337603,-0.225094658937984,-0.062716245679179,-0.048309157348395,-0.104843728630458,-0.061027670825308,0.010300602114977,-0.171306530578173,0.050346080690052,-0.016569177763473,0.0427540112377119,0.0217052196320939,-0.075297928886223,-0.200747780834021,0.00512338652546007,-0.394418041002863,-0.319860647656724,-0.144581687157255
"143",299,0.0321249520885201,-0.10001116933947,-0.014900547403172,0.0873312021103709,-0.156513952232725,0.044337163709856,-0.183068168997008,-0.11105595538553,0.0652958252058176,-0.011740987510641,0.010572553690239,-0.37033706157369,-0.21542003558878,-0.332509029427862,0.0092572397928591,0.00957044645340988,-0.377389950632155,0.093707344856246,-0.00432039563520598
"144",301,0.0501620765873101,-0.0948293085367,0.0364390757520301,-0.050514860792429,-0.17292016589714,0.117676183622648,-0.095793732009753,-0.1025018405166,0.029559256491027,-0.005353106521295,0.020366475260866,-0.21763313008579,-0.271747784893796,-0.0715686425325701,-0.042644755992597,-6.62750144699853e-05,-0.479598873753866,-0.03895539504073,0.000751163367134045
"145",303,0.00949960227298008,-0.25207797519846,0.078394314271245,0.115241539537991,0.199792660381956,0.082462750543718,-0.088163920391835,0.00862361645841991,-0.006951028229643,0.015604122238713,0.196548986442636,0.39128928150616,0.034903291975684,-0.0976908914390211,-0.092133788140891,0.000702107944440034,-0.184803927987849,0.187599327015376,-0.02671255255275
"146",305,0.239352207800065,0.023956733194,-0.082041770122378,0.006295654828538,-0.074525433544162,-0.112819364541013,0.027185788925748,0.083560601136894,0.0829531670298559,0.068808403893346,0.0431318447339604,-0.495742108150048,-0.241473520680188,0.059653295577054,0.180408671523224,0.18490110212498,-0.08674945301278,0.219006547077402,0.112375305528267
"147",307,0.030782215775543,0.245907246369672,-0.284509018471728,-0.042951848856545,0.113256185606937,-0.00323683913402201,0.025966673178433,0.186421877068372,0.133018895348706,-0.016802723851139,0.038539178258795,-0.0543249527352601,0.078738649887805,-0.0442778399537227,-0.081196585669447,0.1325629976668,0.088182498347822,0.0184883343912599,0.102068478804324
"148",309,0.222988226517368,0.467551924654058,0.242713810930024,0.494275608530297,-0.114221599950989,0.229155983190516,-0.032253427547338,0.119753327615309,0.164150092236929,0.00398396561415804,0.0845271546949072,0.39078884472478,-0.024886882626665,-0.495014533692079,0.037359156737449,0.17233360289419,0.107745829765757,-0.11833433367999,0.071694122732007
"149",311,-0.038666331390466,0.201538661774218,0.35149297836007,0.25248117566899,0.06014861168794,0.115761451961144,0.059665370831483,-0.222788810331298,0.286073760993987,0.014035541920247,0.139237610698651,0.460171163213924,0.055164732004298,0.34010498322174,0.299115730186429,-0.03722228633811,0.028356235381063,0.590564188050634,0.123172991872211
"150",313,0.075592922597018,0.223504886503441,-0.112683896682745,0.121958211816529,-0.0487242296287225,0.0255702232159,0.126145100814652,-0.083823083830648,0.159233326432229,0.016551488042128,0.0883898882935315,0.45733475353004,0.204021195881654,-0.282549195533303,0.0647412620956239,0.0751261804961001,0.008253012258846,0.578281896276393,0.066427972083309
"151",315,0.114123844801207,0.447559952403919,0.123541743725698,0.193486456578845,-0.166988754947533,-0.00287110688494702,-0.0877928900792501,-0.17331216973108,0.0192100136648326,0.033093991391814,0.262925061645462,-0.28835193673912,0.054365127886533,-0.378673972218271,-0.020962235459328,0.00600532507447982,0.024771630006153,0.234205687546491,0.099444854386047
"152",321,0.658922581540759,0.27433096528146,0.20686883608283,0.22869817920934,0.51727448799973,0.580545594919643,0.29599337788395,-0.03748514413075,0.288278425852684,0.231523865649152,0.601963034408589,0.34466557899769,-0.452259384251047,0.977432358875269,0.50701906082936,0.804823149282817,0.00764704054305021,0.19329702181775,0.241482699934617
"153",323,0.12388327448275,0.28707396248692,0.432777196793606,0.467979748026992,-0.0601765253577592,0.262359328035505,-0.120732909846153,-0.090991786058687,-0.0302899950823694,-0.00175167358178719,0.106240012769905,0.966637553053111,-0.090707383548124,0.0246303905296857,0.018897079443424,0.045083563780273,0.118741001216726,0.069486795918263,0.033431400885071
"154",325,-0.00721452788813398,0.20067214860321,0.19054033056021,0.723742364014316,0.02534216211978,0.285619487545354,-0.0498700719230598,-0.62074484268506,-0.08518534623147,-0.021861139814555,0.295272921543456,-0.14117712507518,0.1970562020527,-0.0316956396971397,-0.1335532151899,-0.00348085324996017,0.37585825329384,-0.42687846698302,-0.010704805869553
"155",327,0.383969996859875,-0.0491098977689397,0.0651601179880399,0.216227422940776,-0.08493695846576,-0.098771914313794,-0.295286439742519,-0.32512766544219,-0.0776757981252001,-0.00111805209031302,0.337723776792976,0.34045134875555,-0.24096366294109,-0.0506290240967497,0.18670461397668,-0.07088908275711,0.08275489610887,-0.16009125367155,0.068627881309106
"156",329,0.16299224224249,0.33073070062522,0.36770066620926,0.278094080254076,0.138076739268473,0.0722806061814081,-0.0510715228702804,0.196773538682593,0.070141608260917,0.0587849793807678,0.019744377813625,0.762086007562337,-0.061435206397955,0.227679936294408,0.203579837430647,0.146329658741814,0.054020419008618,0.350871428755633,0.021179916659535
"157",331,0.12868621942132,0.20313227520609,0.327190984279991,0.431441882727406,0.358082267667,0.209302138510155,0.129406832513129,0.00969057019547503,0.00232568388014304,0.0444713459578356,0.122082754151723,0.479741826572758,0.334791122517739,0.228630920805752,0.059896587726787,0.138057517399101,0.0784071545261842,0.138665704141919,0.075270317524697
"158",333,0.23119066263313,0.22038630637415,0.22306492376232,0.65990993073892,0.032400608453745,0.368241588664445,-0.045473759966787,-0.163811959466282,-0.193590168793612,-0.046998140948226,0.121600162958988,1.03374558421297,-0.249250425231308,-0.350394978380323,0.06752748386895,-0.0436670013455283,-1.1065230267727,0.153926024863594,0.091265275651493
"159",335,0.0569560039863,0.323791956217114,0.315856731523391,0.628097333093595,-0.087083666722892,0.229380838170647,-0.166951236472441,-0.283496399729147,-0.16317285684807,-0.073728803741485,0.0144576510835433,0.674270445809975,-0.199407634801932,-0.150946080402715,-0.071491724293558,0.055876247115779,-0.274135647877488,-0.033323035362171,0.062711350323915
"160",337,0.033069133766508,0.425389996491838,0.423523975402437,0.651870560583454,-0.359256479876669,0.12664718561493,-0.479770128603547,-0.092656490272186,-0.276326579152506,-0.117666624818866,-0.082027693535788,0.115237066300647,-0.280501941982503,-0.400263662796715,-0.074870252587286,0.0208029890766458,-0.200619718442413,0.092931838953052,0.039772693461593
"161",339,0.166738832030249,0.370931120552942,0.181888934198312,0.177322001136385,0.041589760896491,0.107370248034096,-0.0684063676765975,0.429516461058017,0.00864167936022298,0.0051477535603518,0.042320671793418,0.79785797366438,-0.145549386390227,-0.049493242680678,0.302520195522933,0.151720348827287,0.147468061191874,0.044250901632304,0.027817367964431
"162",341,-0.0268481136262107,0.218569708107295,0.138302769007483,0.085034815385822,-0.0517566519046959,0.114273821438088,-0.020247303665579,0.089094871531191,-0.128667440775978,-0.047041575034033,0.011390414017272,0.0841584469391701,-0.0698123407211837,-0.254515190669384,-0.0896361498874558,-0.0235933848543719,-0.327835570557948,-0.173928678228887,0.032791140221023
"163",343,0.134099111481713,0.223052434501216,-0.266233217335913,-0.156584764069738,-0.0315419626125181,0.012019827837105,0.013130872126454,0.023979929383233,-0.0658204410565902,-0.010064337203957,-0.0644494781954595,-0.47332387570586,-0.061937065092474,-0.233689070388323,-0.058104915312215,0.0412638905437701,-0.197403818835829,-0.106444991579547,0.051240826294556
